No,Congridae,Engraulidae,Clupeidae,Argentinidae,Myctophidae,Gadidae,Belonidae,Merluccidae,Centriscidae,Carangidae,Sparidae,Mugilidae,Labridae,Zoarcidae,Ammodytidae,Cottidae,Gobiidae,Scombridae,Callionymidae,Atherinidae,Berycidae,Bothidae,Pleuronectidae,Other_fish,Sepiidae,Sepiolidae,Loliginidae,Ommastrephidae,Octopodidae,Other_cephalopod,Total
DD1,0,0,500.047,0,0,48.553,0,0,0,0,0,0,26.94,0,0,0,34.783,0,0,1398.59,0,0,0,0,0,0,184.034,0,59.633,0,2252.58
DD10,0,0,19.736,0,0,4.699,0,0,0,0,0,0,0,0,0,0,0.386,0,0,0,0,0,0,0,0,0,111.534,0,0,0,136.355
DD100,0,0,0,0,0,95.911,0,0,0,28.043,0,0,0,0,0,0,0,0,0,0,0,0,0,0,0,0,34.547,25.992,0,0,184.493
DD101,0,0,151.869,0,0,784.262,0,0,0,584.315,0,0,0,0,0,0,0,0,0,0,0,0,0,0,0,0,0,165.486,0,0,1685.932
DD102,0,0,0,0,0,0,0,0,0,270.083,0,0,0,0,24.581,0,14.857,0,0,8.635,0,0,0,0,0,0,20.906,0,0,0,339.062
DD103,0,0,244.686,0,0,36.748,0,0,0,0,0,0,0,0,0,0,146.586,0,0,0,0,0,0,0,0,0,267.567,0,3.376,0,698.963
DD104,0,0,190.41,0,0,110.087,0,0,0,0,0,0,0,0,0,0,0,0,0,0,0,0,0,0,0,0,3.35,48.448,0,0,352.295
DD105,0,0,0,0,0,0,0,0,0,1096.873,0,0,0,0,0,0,0,0,0,0,0,0,0,0,0,16.359,0,0,0,0,1113.232
DD106,0,0,389.818,0,0,0,0,0,0,0,0,0,0,0,0,0,0,0,0,0,0,0,0,0,0,0,0,0,0,0,389.818
DD107,0,0,0,0,0,0,0,0,0,1845.633,0,0,0,0,0,0,0,0,0,0,0,0,0,0,0,0,10.588,0,0,0,1856.221
DD108,0,0,50.038,0,0,4.364,0,0,0,92.752,0,0,0,0,33.064,0,0,0,0,0,0,0,0,0,0,0,723.251,0,96.74,0,1000.209
DD109,0,0,130.704,0,0,0,0,0,0,12.102,0,0,0,0,0,0,42.343,0,0,579.885,0,0,0,0,0,20.497,205.916,7.691,0,0,999.138
DD11,0,0,0,0,0,51.42,0,0,0,0,0,0,0,0,0,0,0,0,0,0,0,0,0,0,0,0,14.54,0,0,0,65.96
DD110,0,0,0,0,0,51.065,0,0,0,0,0,0,0,0,0,0,9.48,0,0,44.982,0,0,0,0,0,0,14.651,0,0,0,120.178
DD111,0,0,0,0,0,127.481,0,0,0,0,0,0,0,0,0,0,63.061,0,0,0,0,0,0,0,0,0,9.031,0,0,0,199.573
DD112,0,0,184.492,0,0,0,0,63.519,0,446.165,0,0,0,0,54.221,0,9.48,0,0,0,0,0,0,0,0,0,5.875,0,0,0,763.752
DD113,0,0,72.839,0,0,3.334,0,0,0,120.822,0,0,0,0,0,0,19.011,0,0,0,0,0,0,0,0,0.73,2.994,22.49,0,0,242.22
DD114,0,0,0,0,0,0,0,229.118,0,373.328,0,0,0,0,0,0,0,0,0,0,0,0,0,0,0,0,0,0,0,0,602.446
DD115,0,0,0,0,0,0,0,0,0,1703.701,0,0,0,0,0,0,0,0,0,0,0,0,0,0,0,0,0,0,0,0,1703.701
DD116,0,0,0,0,0,425.599,0,0,0,0,0,0,0,0,0,0,0,0,0,0,0,0,0,0,0,0,0,0,0,0,425.599
DD117,0,0,0,0,0,4198.429,0,0,0,111.605,0,0,0,0,0,0,0,0,0,0,0,0,0,0,0,0,0,0,0,0,4310.034
DD118,0,0,0,0,0,0,0,0,0,17.882,0,0,0,0,0,0,0,0,0,0,0,0,0,0,0,0,0,0,0,0,17.882
DD119,0,0,451.509,0,0,0,0,0,0,7.393,0,0,0,0,0,0,10.728,0,0,0,0,0,0,0,0,0,0,0,0,0,469.63
DD12,0,0,0,0,0,5270.951,0,694.927,0,0,0,0,0,0,0,0,2.325,0,0,0,0,0,0,0,0,9.392,0,19.945,0,0,5997.54
DD120,0,0,0,0,0,0,0,0,0,0,0,0,0,0,0,0,0,0,0,0,0,0,0,0,0,0,6.342,31.297,0,0,37.639
DD122,0,0,98.913,0,0,56.216,0,0,0,472.685,0,0,0,0,0,0,0,0,0,0,0,0,0,0,19.098,0,0,0,0,0,646.912
DD123,0,0,0,0,0,0,0,0,0,0,0,0,0,0,0,0,0,0,0,0,0,0,0,0,0,0,0,0,0,0,0
DD124,0,0,0,55.685,0,32.776,0,4.756,0,37.609,0,0,0,0,0,0,57.865,0,0,0,0,0,310.247,0,0,0,28.549,0,2.454,0,529.941
DD125,0,0,86.214,0,0,0,0,0,0,0,0,0,0,0,0,0,0,0,0,0,0,0,0,0,0,0,9.302,0,0,0,95.516
DD126,0,0,0,0,0,34.036,0,0,0,0,0,0,0,0,0,0,0,91.066,0,0,0,0,0,0,0,0,0,0,0,0,125.102
DD127,0,0,0,0,0,234.812,0,0,0,0,0,0,0,0,52.674,0,133.43,0,0,0,0,0,0,0,0,0,718.748,0,0,0,1139.664
DD128,0,0,0,1639.191,0,336.733,0,13.164,0,429.337,0,0,0,0,0,0,0,0,0,0,0,0,0,0,0,0,0,0,0,0,2418.425
DD129,0,0,131.404,0,0,0,0,0,0,0,0,0,0,0,1.365,0,713.136,0,0,0,0,0,0,0,0,0,76.887,0,0,0,922.792
DD13,0,0,0,0,0,0,0,0,0,0,0,0,0,0,30.732,0,0,0,0,0,0,0,0,0,0,32.045,98.328,11.254,0,0,172.359
DD131,0,0,27.56,0,0,0,0,0,0,0,0,0,0,0,0,0,28.515,0,0,0,0,0,0,0,0,60.542,96.672,0,16.242,0,229.531
DD133,0,0,181.517,27.934,0,0,0,0,0,0.379,0,0,0,0,38.07,0,5.263,0,0,0,0,0,0,0,0,0,7.389,0,0,0,260.552
DD134,0,0,23.097,480.826,0,0,0,0,0,99.4,0,0,0,0,10.229,0,6.318,0,0,0,0,0,0,0,0,0,7.389,0,0,0,627.259
DD135,0,0,0,0,0,1311.489,0,0,0,507.172,0,0,0,0,0,0,0,0,0,0,0,0,0,0,0,5.786,0,0,0,0,1824.447
DD136,0,0,0,9.3,0,2455.227,0,0,0,0,0,0,0,0,0,0,1.675,0,0,0,0,0,0,0,0,4.885,0,0,0,0,2471.087
DD137,0,0,24.803,44.281,0,3539.209,0,0,0,0,0,0,0,0,0,0,0,0,0,0,0,0,0,0,0,10.01,0,941.325,19.056,0,4578.684
DD138,0,0,215.7,0,0,62.962,0,195.844,0,31.825,0,0,0,0,0,0,0,0,0,0,0,0,0,0,0,0,0,0,0,0,506.331
DD139,0,0,1978.659,0,0,766.814,0,74.653,0,0,0,0,0,0,0,0,0,0,0,0,0,0,0,0,0,0,0,0,0,0,2820.126
DD14,0,0,865.217,0,0,1508.86,0,12.026,0,0,0,0,0,0,0,0,0,0,0,0,0,0,0,0,0,33.366,41.421,17.882,0,0,2478.772
DD140,0,0,0,0,0,0,0,0,0,0,0,0,0,0,1.87,0,0,0,0,21.592,0,0,0,0,0,0,0,0,0,0,23.462
DD15,0,0,1199.862,0,0,0,0,0,0,0,0,0,0,0,0,0,3.056,0,0,0,0,0,8.04,0,0,1.578,0,0,0,0,1212.536
DD16,0,0,79.386,0,0,0,0,0,0,0,0,0,0,0,0,0,0,0,0,0,0,0,0,0,0,0,49.89,17.044,0,0,146.32
DD17,0,0,0,0,0,0,0,0,0,94.191,0,0,0,0,0,0,0,0,0,0,0,0,0,0,0,0,0,0,0,0,94.191
DD18,0,0,388.938,48.845,0,40.162,0,0,0,0,0,0,0,0,1.283,0,0,0,0,0,0,0,0,0,0,0,0,0,0,0,479.228
DD19,0,0,0,6.558,0,3175.148,0,198.135,0,0,0,0,0,0,0,0,43.247,0,0,7.373,0,0,0,0,0,5.623,0,21.972,0,0,3458.056
DD2,0,0,0,0,0,0,0,0,0,0,0,0,0,0,0,0,0,0,0,132.538,0,0,0,0,0,11.768,218.471,0,755.531,0,1118.308
DD20,0,0,733.1,0,0,0,0,0,0,0,0,0,0,0,0,0,0,0,0,0,0,0,0,0,0,0,0,0,0,0,733.1
DD21,0,0,1108.583,0,0,2051.904,0,0,0,0,0,0,0,0,0,0,0,0,0,0,0,0,0,0,0,0,0,0,0,0,3160.487
DD22,0,0,0,0,0,1717.093,0,0,0,190.559,0,0,0,0,0,0,0,0,0,0,0,0,0,0,0,0,0,0,0,0,1907.652
DD23,0,0,1558.109,0,0,0,0,0,0,0,0,0,0,0,0,0,0,0,0,0,0,0,0,0,0,0,0,0,0,0,1558.109
DD24,0,0,547.383,0,0,103.037,0,0,0,0,0,0,0,0,0,0,22.965,0,0,3.64,0,0,0,0,0,0,59.333,0,46.762,0,783.12
DD25,0,0,1189.269,0,0,120.697,0,0,0,3.673,0,0,0,0,0,0,5.724,0,0,91.021,0,0,0,0,0,0,0,26.528,0,0,1436.912
DD26,0,0,0,65.569,0,7500.698,0,80.384,0,0,0,0,0,0,0,0,0,552.665,0,0,0,0,0,0,0,6.609,0,0,0,0,8205.925
DD27,0,0,0,0,0,4615.497,0,0,0,0,0,0,0,0,0,0,0.556,0,0,0,0,0,0,0,0,0,0,0,0,0,4616.053
DD28,0,0,0,0,0,583.767,0,0,0,46.889,0,0,0,0,0,0,5.388,0,0,0,0,0,0,0,0,0,0,0,0,0,636.044
DD3,0,0,175.651,0,0,103.038,0,0,0,0,0,0,0,0,0,0,25.635,0,0,1565.926,0,0,0,0,0,2.854,47.445,0,0,0,1920.549
DD301,0,0,314.474,0,0,2.872,0,0,0,0,0,0,0,0,0,0,0,0,0,0,0,0,0,0,0,0,6.604,0,0,0,323.95
DD302,0,0,339.484,0,0,0,0,0,0,0,0,0,0,0,0,0,2.927,0,0,0,0,0,0,0,0,0,0,0,0,0,342.411
DD303,0,0,53.206,0,0,144.805,0,0,0,8.261,0,0,0,0,0,0,0,0,0,0,0,0,0,0,0,30.306,207.853,166.647,0,0,611.078
DD304,0,0,0,0,0,7.877,0,0,0,0,0,0,0,0,0,0,0.597,0,0,0,0,0,0,0,4.625,2.831,16.57,0,0,0,32.5
DD305,0,0,1500.238,20.213,0,502.96,0,336.509,0,1957.205,0,0,0,0,9.751,0,1.68,0,0,0,0,0,0,0,0,6.96,98.359,43.529,0,18.942,4496.346
DD306,0,0,233.905,22.079,0,31.185,0,0,0,0,0,0,0,0,0,0,0,0,0,0,0,0,0,0,0,0,0,0,0,0,287.169
DD307,0,0,1377.931,336.587,0,2293.894,0,606.318,0,0,24.708,0,0,0,14.784,0,33.151,0,0,0,0,0,0,0,0,23.519,102.873,0,0,0,4813.765
DD308,0,0,0,0,0,0,0,0,0,0,0,0,0,0,0,0,0,0,0,0,0,0,0,0,0,27.176,0,0,0,0,27.176
DD310,0,0,211.764,100.547,0.5,507.122,0,794.437,0,4944.557,0,0,0,0,0,0,0,0,0,0,0,0,0,0,0,0,0,0,0,0,6558.927
DD311,0,0,0,0,0,1106.611,0,0,0,0,0,0,0,0,0,0,0,0,0,0,0,0,0,0,0,0,0,69.953,0,0,1176.564
DD312,0,0,78.492,0,0,28.126,0,291.921,0,60.782,0,0,0,0,0,0,0,0,0,0,0,0,0,0,0,0,5.199,0,0,0,464.52
DD313,0,0,98.712,0,203.11,868.213,0,0,0,6642.918,0,0,0,0,0,0,0,13.466,0,0,0,0,0,0,0,0,0,0,0,354.162,8180.581
DD314,0,0,2136.608,0,0,25.442,0,0,0,0,0,0,0,0,0,0,0,0,0,0,0,0,0,0,0,0,0,0,0,0,2162.05
DD315,0,0,355.31,359.553,0,1484.725,0,69.401,0,28.64,0,0,0,0,0,0,0,0,0,0,0,0,0,0,0,2.76,357.656,0,0,0,2658.045
DD316,0,0,0,0,0,4243.92,0,0,0,0,0,0,0,0,0,0,0,0,0,0,0,0,0,0,0,0,0,0,0,0,4243.92
DD317,0,0,0,0,0,2406.137,0,118.002,0,0,0,0,0,0,0,0,0,0,0,0,0,0,0,0,0,0,0,0,0,0,2524.139
DD318,0,0,0,0,0,2367.486,0,0,0,0,0,0,0,0,0,0,4.231,0,0,0,0,1.216,19.843,0,0,2.379,0,0,0,0,2395.155
DD319,0,0,0,0,0,3178.341,0,50.835,0,0,0,0,0,0,0,0,7.432,0,0,0,0,0,0,0,0,14.16,0,0,0,0,3250.768
DD320,0,0,888.612,0,0,11.389,0,188.138,0,0,0,0,0,0,0,0,0,0,0,0,0,0,0,0,0,0,0,0,0,0,1088.139
DD321,0,0,0,0,0,639.537,0,144.106,0,0,0,0,0,0,0,0,10.664,0,0,0,0,0,0,0,0,0,0,0,0,0,794.307
DD322,0,0,0,0,0,0,0,0,0,0,0,0,0,0,0,0,79.819,0,0,0,0,0,0,0,0,1.33,0,0,0,0,81.149
DD323,0,0,0,0,0,12.349,0,0,0,208.179,0,0,0,0,0,0,0.62,163.718,0,0,0,0,0,0,0,0,6.604,0,0,537.787,929.257
DD324,0,0,814.636,0,0,1715.496,0,163.46,0,387.292,0,0,0,0,37.189,0,19.773,0,0,0,0,0,0,0,0,8.863,44.941,0,0,0,3191.65
DD325,0,0,154.063,0,0,325.141,0,0,0,241.671,0,0,0,0,7.03,0,1.668,132.794,0,0,0,0,0,0,0,16.869,17.467,32.457,0,23.102,952.262
DD326,0,0,55.699,8.674,0,1701.519,0,0,0,290.845,0,0,0,0,0,0,0,0,0,10.867,0,0,4.893,0,0,5.82,15.966,0,0,0,2094.283
DD4,0,0,45.559,25.541,0,49.316,0,0,0,0,0,0,0,0,4.685,0,876.304,0,0,0,0,21.155,9.902,0,0,0,83.456,0,133.536,0,1249.454
DD5,0,0,0,41.64,0,1494.041,0,14.057,0,0,0,0,0,0,0,0,147.853,0,0,0,0,0,0,0,0,0,0.574,0,0,0,1698.165
DD501,0,0,68.211,0,0,1.766,0,502.913,0,379.735,646.237,0,0,0,71.177,0,12.106,0,0,41.693,0,0,9.808,0,0,50.25,43.798,0,0,0,1827.694
DD502,0,0.046,104.267,0,0,0,0,0,0,75.039,0,0,0,0,2.843,0,0,0,0,0,0,0,0,0,0,0,0,0,0,0,182.195
DD503,0,0.051,126.261,0,0,482.791,0,50.991,0,454.009,0,0,31.878,0,0,0,42.46,60.045,0,1444.92,0,0,0,0,0,0,3.601,0,0,0,2697.007
DD504,0,0,130.96,0,0,195.758,0,48.786,0,266.081,0,0,19.271,0,12.253,0,41.304,0,0,1132.185,0,0,0,0,0,0,458.983,0,0,0,2305.581
DD505,0,0,3877.11,0,0,504.736,0,0,0,0,0,0,0,0,6.505,0,0,0,0,0,0,0,0,0,0,2.166,0,0,0,0,4390.517
DD506,0,0,509.853,0,0,545.896,0,0,0,0,0,0,0,0,0,0,0,0,0,0,0,0,0,0,0,3.02,0,0,0,0,1058.769
DD507,0,0,99.129,0,0,311.848,0,0,0,0,0,0,0,0,0,0,0,0,0,0,0,0,0,0,0,0,0,0,0,0,410.977
DD508,0,0,0,0,0,750.899,0,56.572,0,761.204,0,0,0,0,0,0,0,0,0,0,0,0,0,0,0,0,0,0,0,0,1568.675
DD509,0,0,284.591,0,0,0,0,0,0,144.903,0,0,0,0,0,0,0,0,0,0,0,0,0,0,0,0,0,0,0,0,429.494
DD510,0,0,0,0,85.49,201.481,0,0,0,0,0,0,0,0,0,0,0,0,0,0,0,0,0,0,0,0,0,0,0,0,286.971
DD511,0,0,0,0,0,1543.318,0,0,0,0,0,0,0,0,0,0,0,0,0,0,0,0,0,0,0,0,0,0,0,0,1543.318
DD512,0,0,0,0,0,249.826,0,0,0,0,0,0,0,0,6.278,0,1.413,64.497,0,0,0,0,0,0,0,0,0,0,0,0,322.014
DD513,0,0,156.414,0,0,0,0,0,0,0,0,0,0,0,0,0,0,0,0,0,0,0,0,0,0,0,0,0,0,0,156.414
DD514,0,0,160.555,0,0,254.743,0,0,0,0,0,0,0,0,0,0,0,0,0,0,0,0,0,0,0,0,0,0,0,0,415.298
DD515,0,0,0,0,24.012,950.999,0,0,0,0,0,0,0,0,0,0,0,0,0,0,0,0,0,0,0,0,0,882.92,0,31.205,1889.136
DD516,0,0,0,0,3.498,1421.881,0,0,0,0,0,0,0,0,0,0,0.667,0,0,0,0,0,0,0,0,0,0,0,0,0,1426.046
DD517,0,0,0,0,0,0,0,0,0,0,0,0,0,0,0,0,0,0,0,0,0,0,0,0,0,43.248,25.995,0,0,0,69.243
DD518,0,0,24.232,0,0,0,0,0,0,0,0,0,0,0,3.283,0,0,0,0,631.306,0,0,0,0,0,0,650.446,0,0,0,1309.267
DD519,0,0,0,215.178,0,2954.374,0,1252.531,0,0,0,0,0,0,0,0,79.261,139.375,0,0,0,143.533,0,0,0,0,0,0,68.104,0,4852.356
DD520,0,0,1786.918,0,0,486.347,0,0,0,0,0,0,0,0,420.237,0,26.171,0,0,0,0,0,0,0,0,0,0,0,0,0,2719.673
DD521,0,0,23.839,0,0,80.292,0,0,0,114.253,0,0,0,0,0,0,0,0,0,0,0,0,0,0,0,0,0,0,0,0,218.384
DD522,0,0,0,0,0,0,0,3.597,0,63.83,0,0,0,0,0,0,0,0,0,0,0,0,0,0,0,0,0,48.309,0,0,115.736
DD523,0,0,0,0,0,0,0,0,0,0,6.242,0,0,0,3.429,0,17.376,0,0,0,0,0,8.281,0,0,4.565,4,0,0,0,43.893
DD524,0,0,0,0,0,0,0,0,0,0,0,0,0,0,0,0,0,0,0,0,0,0,0,0,0,0,0,0,0,0,0
DD525,0,0,0,0,0,635.198,0,115.608,0,0,0,0,0,0,0,0,0.137,0,0,0,0,0,0,0,0,2.233,0,0,0,0,753.176
DD527,0,0,0,0,0,1201.117,0,0,0,0,0,0,0,0,0,0,0,0,0,0,0,0,0,0,0,121.239,6.604,0,0,0,1328.96
DD528,0,0,0,18.377,0,13236.934,0,0,0,0,0,0,0,0,0,0,0,0,0,0,0,0,0,0,0,0,0,0,0,9.894,13265.205
DD529,0,0,0,0,0,694.477,0,0,0,0,0,0,0,0,0,0,0,0,0,0,0,0,0,0,0,0,0,0,0,0,694.477
DD530,0,0,0,16.7,292.79,7749.225,0,0,0,0,10.81,0,0,0,0,0,0,0,0,0,0,0,0,0,48.052,0,12.684,12.912,0,0,8143.173
DD531,0,0,0,0,2.5,4782.895,0,0,0,0,0,0,0,0,0,0,0,0,0,0,0,0,0,0,0,0,0,0,0,0,4785.395
DD532,0,0,0,0,61.502,3402.213,0,0,0,0,30.233,0,0,0,0,0,0,0,0,0,0,0,0,0,0,2.348,0,154.879,0,136.987,3788.162
DD533,0,0,0,0,0,2164.758,0,316.512,0,310.193,0,0,0,0,0,0,0,211.095,0,0,0,0,0,0,0,0,0,1076.965,0,0,4079.523
DD534,0,0,0,3.007,0,2812.899,0,22.77,0,0,0,0,0,0,0,0,0,0,0,0,0,0,0,0,0,0,0,0,0,0,2838.676
DD535,0,0,909.218,0,0,46.317,0,0,0,0,0,0,0,0,15.49,0,0,0,0,129.625,0,0,0,0,0,0,7.389,0,0,0,1108.039
DD537,0,0,0,0,0,15.623,0,0,0,0,0,0,0,0,0,0,0,0,0,0,0,0,0,0,0,0,0,4.98,0,0,20.603
DD538,0,0,27.428,0,0,7.669,0,0,0,0,0,0,0,0,0,0,0,0,0,0,0,0,0,0,0,0,0,0,0,0,35.097
DD539,0,0,0,0,0,10.702,0,0,0,3.615,0,0,0,0,131.923,0,0,0,0,0,0,0,0,0,0,58.771,105.505,81.61,0,0,392.126
DD540,0,0,0,0,0,554.458,0,0,0,143.657,0,0,0,0,0,0,0,0,0,0,0,0,0,0,0,2.411,89.129,5.074,0,0,794.729
DD541,0,0,0,0,3,209.158,0,0,0,0,0,0,0,0,0,0,0,0,0,0,0,0,0,0,43.097,0,0,113.473,0,0,368.728
DD542,0,0,0,0,111.7,2009.823,0,0,0,0,132.048,0,0,0,0,0,0,0,0,0,0,0,0,0,43.097,0,0,47.771,0,0,2344.439
DD543,0,0,0,0,10.5,997.118,0,0,0,0,0,0,0,0,0,0,0,0,0,0,0,0,0,0,0,0,0,302.792,0,420.276,1730.686
DD544,0,0,0,0,0,569.338,0,0,0,0,0,0,0,0,0,0,0,55.292,0,0,0,0,0,0,0,0,0,324.05,0,0,948.68
DD545,0,0,205.914,0,0,23.399,0,0,0,0,0,0,0,0,0,0,0,0,0,0,0,0,0,0,0,0,4,0,0,0,233.313
DD546,0,0,54.673,0,0,0,0,0,0,0,0,0,0,0,0,0,0,0,0,0,0,0,0,0,0,0,0,0,0,0,54.673
DD547,0,0,0,0,0,116.89,0,0,0,200.619,0,0,0,0,0,0,0,0,0,0,0,0,0,0,0,0,0,0,0,0,317.509
DD548,0,0,0,0,0,209.207,0,0,0,0,0,0,0,0,12.253,0,54.344,0,0,0,0,0,0,0,0,8.299,8,0,0,0,292.103
DD549,0,0,0,0,0,0,0,0,0,0,0,0,0,0,0,0,0,87.907,0,0,0,0,0,0,0,4.866,12.332,42.177,0,0,147.282
DD550,0,0,0,0,0,47.198,0,0,0,0,0,0,0,0,0,0,0,0,0,0,0,0,0,0,0,0,0,0,0,0,47.198
DD552,0,0,350.12,0,0,764.62,0,0,0,0,0,0,0,0,13.548,0,3.494,0,0,0,0,0,0,0,0,0,0,0,0,0,1131.782
DD553,0,0,0,0,0,0,0,0,0,20.187,111.853,0,0,0,0,0,23.762,0,0,65.575,0,0,0,0,0,0,0,0,0,0,221.377
DD554,0,0,0,0,0,9333.117,0,0,0,0,0,0,0,0,0,0,4.191,0,0,0,0,0,0,0,0,0,0,463.672,0,0,9800.98
DD555,0,0,0,0,38.008,7860.927,0,0,0,74.552,34.075,0,0,0,0,0,0,0,0,0,0,0,0,0,0,0,0,0,0,149.312,8156.874
DD556,0,0,247.208,0,0,8.009,0,0,0,0,0,0,0,0,0,0,2.842,0,0,0,0,0,0,0,0,0,0,0,0,0,258.059
DD557,0,0,0,0,0,2370.142,0,0,0,0,0,0,0,0,0,0,0,0,0,0,0,0,0,0,0,0,0,0,0,0,2370.142
DD558,0,0,0,11.792,0,0,0,107.207,0,0,0,0,0,0,0,0,336.411,0,0,0,0,0,39.552,0,0,12.292,122.581,28.884,0,0,658.719
DD559,0,0,85.942,0,0,19.057,0,0,0,0,0,0,0,0,0,0,0,0,0,6.165,0,0,0,0,0,0,0,0,0,0,111.164
DD560,0,0,0,0,0,6478.16,0,249.081,0,82.679,0,0,0,0,0,0,1.23,0,0,0,0,0,0,0,0,0,0,0,0,0,6811.15
DD561,0,0,0,18.657,0,1911.951,0,233.602,0,19.215,0,0,0,0,679.032,0,327.661,0,344.812,0,0,0,6.42,0,0,8.772,120.672,0,111.523,0,3782.317
DD562,0,0,61.441,0,0,3.418,0,0,0,0,0,0,0,0,19.043,0,0,0,0,989.208,0,0,0,0,0,4.571,10.091,0,0,0,1087.772
DD563,0,0,71.334,0,0,0,0,0,0,0,83.033,0,0,0,31.489,0,167.447,0,0,0,0,0,0,0,0,15.18,0,0,0,0,368.483
DD564,0,0.353,0,0,0,0,0,15.867,0,0,0,0,0,0,0,0,5.937,0,0,199.658,0,0,0,0,0,42.241,0,0,0,0,264.056
DD565,0,0,0,0,0,0,0,0,0,0,0,0,0,0,23.558,0,0,0,0,0,0,0,0,0,0,1.33,0,0,0,0,24.888
DD566,0,0,1377.383,0,0,0.126,0,0,0,0,0,0,0,0,14.227,0,0,0,0,0,0,0,0,0,0,0,0,0,0,0,1391.736
DD567,0,0,864.662,0,0,0,0,0,0,0,0,0,0,0,0,0,0,0,0,0,0,0,0,0,0,0,0,0,0,0,864.662
DD568,0,0,1534.862,0,0,0,0,0,0,0,0,0,0,0,0,0,0,0,0,0,0,0,0,0,0,0,0,0,0,0,1534.862
DD569,0,0.026,500.582,0,0,0,0,0,0,0,0,0,0,0,0,0,1.015,0,0,286.967,0,0,0,0,0,2.348,0,0,0,0,790.938
DD570,0,0,1108.864,0,0,2.569,0,0,0,0,0,0,0,0,0,0,0,0,0,0,0,0,0,0,0,2.473,10.078,0,0,0,1123.984
DD571,0,0,91.314,0,0,0,0,0,0,0,0,0,0,0,0,0,0,0,0,0,0,0,0,0,0,0,0,0,0,0,91.314
DD572,0,0,4150.61,0,0,0,0,0,0,0,0,0,0,0,2.003,0,1.177,156.226,0,0,0,0,0,0,0,9.306,34.342,0,0,0,4353.664
DD573,0,0,0,0,0,4.516,0,0,0,0,0,0,0,0,0,0,0,0,0,11.261,0,0,0,0,0,0,137.56,0,0,0,153.337
DD574,0,0,0,0,0,11.04,0,0,0,0,0,0,0,0,0,0,36.177,0,0,0,0,0,0,0,0,50.588,441.796,0,0,0,539.601
DD575,0,0,0,14.84,2.5,2259.585,0,0,0,0,0,0,0,0,0,0,0,0,0,0,0,0,0,0,0,0,0,0,0,0,2276.925
DD576,0,0,0,2.286,1.5,934.27,0,0,0,0,0,0,0,0,0,0,0.326,0,0,0,0,0,0,0,0,0,0,49.93,0,0,988.312
DD577,0,0,0,0,0,64.843,0,9.666,0,106.801,0,0,0,0,0,0,16.547,0,0,0,0,0,19.247,0,0,0,9.421,0,19.548,0,246.073
DD578,0,0,0,0,0,50.888,0,0,0,0,0,0,0,0,0,0,0,0,0,156.027,0,0,0,0,0,0,0,0,0,0,206.915
DD579,0,0.012,0,0,0,39.889,0,0,0,0,0,0,0,0,0,0,2.301,0,0,7.757,0,0,0,0,0,0,0,0,0,0,49.959
DD580,0,0,0,0,0,0,0,0,0,0,0,0,0,0,0,0,0,0,0,0,0,0,0,0,0,0,0,0,0,0,0
DD581,0,0,0,0,0,0,0,0,0,0,0,0,0,0,0,0,0,0,0,0,0,0,0,0,0,0,0,0,0,0,0
DD582,0,0,0,0,0,0,0,84.844,0,28.331,0,0,0,0,0,0,0,0,0,0,0,0,0,0,0,0,0,0,0,0,113.175
DD583,0,0.553,28.905,0,0,0,0,0,0,530.272,0,0,0,0,0,0,0,0,0,101.762,0,0,0,0,0,7.534,113.394,0,0,0,782.42
DD584,0,0.026,0,0,0,991.975,0,0,0,2759.286,579.296,0,0,0,0,0,0,581.472,0,0,0,0,0,0,0,5.301,16,87.897,0,0,5021.253
DD6,0,0,0,0,0,0,0,0,0,0,0,0,0,0,0,0,0,0,0,0,0,0,1028.055,0,0,0,0,0,0,439.907,1467.962
DD601,0,0,0,0,0,0,0,0,0,0,0,0,0,0,0,0,0,0,0,0,0,0,0,0,0,0,253.241,0,0,0,253.241
DD602,0,0,0,0,0,0,0,0,0,14.909,0,0,0,0,0,0,0,0,0,631.095,0,0,0,0,0,2.928,984.227,0,0,0,1633.159
DD603,0,0,103.104,0,0,22.903,0,0,0,0,0,0,0,0,0,0,0,0,0,0,0,0,0,0,0,3.473,2.994,0,0,0,132.474
DD604,0,0,0,0,0,2.52,0,0,0,0,0,0,0,0,0,0,16.739,0,0,58.924,0,0,0,0,0,0,103.804,0,0,0,181.987
DD605,0,0,0,0,0,0,0,0,0,0,0,0,0,0,0,0,0,0,0,0,0,0,0,0,0,147.784,920.649,24.106,0,0,1092.539
DD606,0,0,0,0,0,0,0,0,0,0,0,0,0,0,0,0,0,0,0,0,0,0,0,0,0,0,316.89,0,0,0,316.89
DD607,0,0,0,126.439,0,0,0,97.484,0,31.568,0,0,0,0,0,0,0.918,0,0,0,0,37.609,0,0,0,0,0,0,0,0,294.018
DD608,0,0,0,0,0,47.292,0,0,0,0,85.817,0,0,0,0,0,0.769,0,0,148.752,0,0,0,0,0,0,7.389,0,0,0,290.019
DD609,0,0,0,0,0,253.098,0,76.435,0,1170.3,0,0,0,0,0,0,1.267,0,0,172.678,0,0,0,0,0,6.717,0,74.624,0,0,1755.119
DD610,0,0,0,0,0,957.471,0,645.278,0,223.209,0,0,0,0,0,0,0,0,0,0,0,9.54,0,0,0,7.507,9.131,0,0,0,1852.136
DD611,0,0,0,0,0,145.61,0,0,0,0,0,0,0,0,0,0,0,0,0,0,0,0,0,0,0,0,0,0,0,0,145.61
DD612,0,0,0,0,0,0.792,0,0,0,353.708,0,0,0,0,0,0,0,0,0,0,0,0,0,0,0,0,0,0,0,0,354.5
DD613,0,0,0,0,0,45.117,0,0,0,15.07,0,0,0,0,0,0,0,0,0,0,0,0,0,0,0,2.217,0,0,0,0,62.404
DD614,0,0,0,0,0,0,0,0,0,0,0,0,0,0,0,0,1.772,0,0,0,0,0,0,0,0,0,0,0,0,0,1.772
DD615,0,0,0,23.391,0,2740.76,0,0,0,269.887,0,0,0,0,0,0,0,0,0,0,0,0,0,0,0,10.75,0,0,0,0,3044.788
DD616,0,0.166,23.097,0,100.998,31.846,0,0,0,0,0,0,0,0,0,0,0,0,0,22.465,0,0,0,0,0,0,0,0,0,0,178.572
DD617,0,0.952,0,0,0,0,0,0,0,0,0,0,0,0,0,0,0.249,0,0,28.45,0,0,0,0,0,14.838,118.138,0,137.387,0,300.014
DD618,0,0,0,0,0,0,0,0,0,0,0,0,0,0,0,0,0,0,0,0,0,0,0,0,0,0,584.307,299.979,0,0,884.286
DD619,0,0.112,65.986,0,0,0,0,0,0,0,0,0,0,0,0,0,0,0,0,0,0,0,0,0,0,0,0,0,0,0,66.098
DD620,0,0,0,0,0,0,0,0,0,0,0,0,0,0,0,0,0,0,0,11.606,0,0,0,0,0,0,6.264,0,0,0,17.87
DD622,0,0,0,0,0,0,0,0,0,0,0,0,0,0,0,0,0,0,0,0,0,0,0,0,0,2.411,0,0,0,0,2.411
DD623,0,0,0,0,0,0,0,0,0,0,0,0,0,0,3.429,0,459.877,0,0,21.357,0,21.093,0,0,0,21.416,12.29,46.03,0,0,585.492
DD624,0,0,0,0,0,2878.146,0,0,0,0,0,0,0,0,0,0,0,0,0,0,0,0,0,0,0,0,0,0,0,0,2878.146
DD625,0,0.092,933.335,0,0,0,0,0,0,0,0,0,0,0,0,0,0.498,99.629,0,0,0,0,0,0,0,0,0,0,0,0,1033.554
DD626,0,0,254.538,0,0,27.923,0,0,0,1337.508,0,0,0,0,0,0,0,1356.748,0,0,0,0,0,0,0,0,0,0,0,0,2976.717
DD627,0,0,141.927,0,0,0,0,0,0,0,0,0,0,0,0,0,0,0,0,0,0,0,0,0,0,0,0,0,0,0,141.927
DD628,0,0,0,0,33.51,2504.982,0,231.366,0,0,0,0,0,0,0,0,0.4,0,0,0,0,0,0,0,0,0,0,0,0,0,2770.258
DD629,0,0,0,266.037,0,11.067,0,37.55,0,0,0,0,0,0,0,0,1.233,194.512,0,0,0,0,0,0,0,21.753,3.601,26.133,0,0,561.886
DD630,0,1.758,0,209.365,0,744.636,0,22.436,0,117.894,0,0,0,0,0,0,263.447,0,0,0,0,0,0,0,0,13.016,32.197,0,0,0,1404.749
DD631,0,0,60.483,0,0,0,0,0,0,0,0,0,0,0,0,0,0,0,0,0,0,0,0,0,0,0,0,0,0,0,60.483
DD632,0,0,0,0,99.51,1029.626,0,0,0,0,0,0,0,0,0,0,0,0,0,0,0,0,0,0,0,0,0,0,0,0,1129.136
DD633,0,0.054,32.926,0,0,0,0,0,0,41.962,0,0,0,0,57.142,0,0,14.995,0,0,0,0,0,0,0,256.761,102.981,0,0,0,506.821
DD634,0,0,137.238,116.8,0,27.923,0,618.139,0,2748.915,0,0,0,0,0,0,2.794,78.98,0,0,0,0,0,0,0,0,0,0,0,0,3730.789
DD635,0,0,199.1,0,0,0,0,0,0,8.367,0,0,0,0,3.809,0,0.569,0,0,0,0,0,14.683,0,0,4.69,0,0,0,0,231.218
DD636,0,0.242,1096.407,0,0,0,0,223.771,0,157.85,0,0,0,0,26.092,0,0,0,0,0,0,0,0,0,0,4.946,11.402,0,0,0,1520.71
DD637,0,0,0,0,0,0,0,0,0,385.313,0,0,0,0,0,0,0,0,0,0,0,0,0,0,0,0,0,0,0,0,385.313
DD638,0,0,167.229,0,0,0,0,0,0,0,0,0,0,0,0,0,0,0,0,0,0,0,0,0,0,96.565,0,0,0,0,263.794
DD639,0,0,377.389,0,0,209.088,0,106.269,0,0,0,0,0,0,0,0,0,0,0,0,0,0,0,0,0,0,0,0,0,0,692.746
DD640,0,0.041,247.511,0,0,0,0,0,0,0,0,0,0,0,0,0,0,0,0,0,0,0,0,0,0,2.457,0,0,26.922,0,276.931
DD641,0,0.625,0,0,0,321.673,0,0,0,67.632,0,0,0,0,36.631,0,44.918,0,0,0,0,0,0,0,0,12.59,123.087,0,26.922,0,634.078
DD642,0,0,1649.122,0,0,0,0,61.263,0,72.882,0,0,0,0,0,0,2.036,0,0,0,0,0,0,0,0,4.14,39.532,0,0,0,1828.975
DD643,0,4.179,0,0,0,530.606,0,0,0,14.113,0,0,0,0,0,0,0.698,0,0,0,0,0,0,0,0,0,0,0,6.891,0,556.487
DD644,0,0,0,0,0,158.812,0,313.509,0,640.423,0,0,0,0,0,0,0,0,0,0,0,0,4.732,0,0,0,11.187,0.926,0,0,1129.589
DD645,0,0.033,109.812,0,0,3.414,0,0,0,0.401,0,0,0,0,0,0,66.227,0,0,433.213,0,0,0,0,0,14.338,250.757,0,0,0,878.195
DD646,0,0.108,1638.403,0,0,0,0,11.666,0,75.878,0,0,0,0,0,0,5.367,0,0,0,0,0,0,0,0,6.769,0,0,0,0,1738.191
DD647,0,2.887,1447.291,0,0,0,0,0,0,31.608,0,0,0,0,0,0,16.022,0,0,616.892,0,0,0,0,0,7.036,10.99,0,0,0,2132.726
DD648,0,0,1409.384,0,0,0,0,0,0,72.552,0,0,0,0,0,0,0,0,0,22.823,0,0,0,0,0,52.076,1215.035,0,0,0,2771.87
DD649,0,0,0,0,0,0,0,0,0,3274.495,0,0,0,0,0,0,0,0,0,0,0,0,0,0,0,0,0,0,0,0,3274.495
DD650,0,0.041,0,0,0,417.491,0,315.931,0,0,0,0,0,0,0,0,0,0,0,0,0,0,0,0,0,0,0,0,0,0,733.463
DD651,0,0,0,0,0,1914.787,0,547.232,0,430.793,0,0,0,0,182.788,0,0,201.733,0,0,0,0,0,0,0,4.115,0,210.81,0,0,3492.258
DD652,0,0,164.91,0,0,0,0,0,0,136.378,0,0,0,0,0,0,0,0,0,7.338,0,0,0,0,0,0,39.532,0,0,0,348.158
DD653,0,0,0,0,0,302.302,0,0,0,189.861,0,0,0,0,0,0,0,0,0,0,0,0,0,0,0,0,0,0,0,0,492.163
DD654,0,0.136,408.057,0,0,0,0,0,0,104.29,0,0,0,0,0,0,0,305.694,0,0,0,0,0,0,0,9.864,5.701,0,39.096,0,872.838
DD655,0,0,0,0,0,146.287,0,0,0,0,0,0,0,0,0,0,0,0,0,0,0,0,0,0,0,106.415,152.222,2.611,5.454,0,412.989
DD656,0,0,0,0,0,287.736,0,315.931,0,0,0,0,0,0,0,0,0,0,0,0,0,0,0,0,0,0,0,0,0,0,603.667
DD657,0,0,0,0,0,554.454,288.097,0,0,3174.977,0,0,0,0,0,0,0,319.417,0,0,0,0,0,0,0,1.33,0,0,0,0,4338.275
DD658,0,0,0,0,0,219.881,0,0,0,0,0,0,0,0,0,0,0,0,0,2300.585,0,0,0,0,0,0,0,0,0,0,2520.466
DD659,0,0,508.355,0,0,13.369,0,0,0,0,0,0,0,0,103.303,0,0,0,0,0,0,0,0,0,0,18.42,348.601,0,0,0,992.048
DD660,0,0,0,0,0,442.544,0,0,0,0,0,0,0,0,0,0,0,0,0,0,0,0,0,0,0,0,0,110.286,0,473.895,1026.725
DD661,0,0,18.639,0,0,15.225,0,0,0,0,0,0,0,0,26.983,0,0,0,0,1840.449,0,0,0,0,0,8.113,946.02,0,0,0,2855.429
DD662,0,0,56.56,0,0,61.326,0,0,0,81.499,0,0,0,0,0,0,0,0,0,0,0,0,0,0,0,0,8.231,0,0,0,207.616
DD663,0,0,46.969,0,0,0,0,0,0,0,0,0,0,0,0,0,0,0,0,482.054,0,0,0,0,0,12.339,36.393,0,0,0,577.755
DD664,0,0.271,372.118,0,0,5818.162,0,0,0,0,0,0,0,0,4.25,0,0,0,0,0,0,0,0,0,0,0,4.726,3.569,0,0,6203.096
DD665,0,0,0,0,0,0,0,0,0,0,0,0,0,0,0,0,69.449,0,0,23.199,0,0,0,0,0,0,25.439,0,0,0,118.087
DD666,0,0.015,0,0,4,593.402,0,0,0,0,0,0,0,0,0,0,98.491,0,0,0,0,0,3.553,0,0,6.498,0,0,0,0,705.959
DD667,0,0,24.232,0,0,125.848,0,0,0,132.945,0,0,0,0,18.613,0,0,0,0,0,0,0,0,0,0,21.105,355.797,12.053,0,0,690.593
DD668,0,0,0,0,0,61.555,0,0,0,0,0,0,0,0,0,0,0,0,0,0,0,0,0,0,0,0,0,56.234,0,14.278,132.067
DD669,0,0.113,0,0,0,0,0,0,0,261.936,0,0,0,0,0,0,1.326,0,0,151.546,0,0,0,0,0,0,0,0,0,0,414.921
DD670,0,0,0,0,2,229.647,0,0,0,0,0,0,0,0,0,0,1.084,0,0,0,0,0,0,0,0,2.217,3.601,0,0,0,238.549
DD671,0,0,0,0,0,495.037,0,670.789,0,0,0,0,0,0,0,0,1.453,0,0,0,0,0,0,0,0,4.399,4,65.01,23.537,0,1264.225
DD672,0,0,25.795,0,0,0,0,0,0,0,0,0,0,0,970.06,0,656.436,0,0,107.938,0,0,0,0,0,2.217,259.407,0,0,0,2021.853
DD673,0,0,113.945,0,0,57.368,0,0,0,0.766,0,0,0,0,2.843,0,54.393,0,17.274,0,0,93.356,0,0,0,22.245,10.398,34.664,4.897,0,412.149
DD674,0,0.102,260.868,0,0,0,0,0,0,0,0,0,0,0,0,0,0,0,0,0,0,0,0,0,0,0,0,0,0,0,260.97
DD675,0,0,0,0,0,25.418,0,0,0,0,0,0,0,0,0,0,0,0,0,0,0,0,0,0,0,0,0,4.909,0,0,30.327
DD676,0,0,0,0,0,2602.956,0,0,0,0,0,0,0,0,0,0,0,0,0,0,0,0,0,0,0,0,0,0,0,0,2602.956
DD677,0,0,0,0,0,6058.579,0,133.398,0,87.578,0,0,0,0,0,0,0,0,0,0,0,0,0,0,0,3.033,0,316.227,0,0,6598.815
DD678,0,0,0,0,0,100.825,0,0,0,0,0,0,0,0,0,0,0,0,0,0,0,0,0,0,0,0,0,49.93,0,0,150.755
DD679,0,0,2433.495,0,0,57.265,0,0,0,0,0,0,0,0,0,0,0,0,0,0,0,0,0,0,0,0,73.816,0,0,0,2564.576
DD680,0,0,0,0,0,24.939,0,0,0,0,0,0,0,0,0,0,0,0,0,719.176,0,0,0,0,0.89,16.714,109.454,4.689,0,0,875.862
DD681,0,0,0,0,0,0,0,0,0,0,0,0,0,0,0,0,0,0,0,2949.259,0,0,0,0,0,0,0,0,0,0,2949.259
DD682,0,0,19.942,0,0,45.765,0,0,0,0,0,0,0,0,0,0,0,0,0,0,0,0,0,0,0,0,0,47.53,0,0,113.237
DD683,0,0,152.989,0,0,130.248,0,171.308,0,15.298,0,0,0,0,0,0,5.186,0,0,1160.251,0,0,0,0,0,87.34,2016.837,0,0,0,3739.457
DD684,0,0,109.46,0,0,0,0,0,0,79.306,25.652,0,0,0,24.505,0,16.78,0,0,433.129,0,0,0,0,0,13.026,13.988,0,0,0,715.846
DD685,0,0,104.813,0,0,0,0,0,0,0,1611.927,0,0,0,29.535,0,10.952,0,0,1152.928,0,0,0,0,0,0,239.914,0,0,0,3150.069
DD686,0,0,19.942,0,0,0,0,0,0,0,0,0,0,0,0,0,0.373,0,0,994.108,0,0,0,0,0,30.323,4,0,0,0,1048.746
DD687,0,0,0,0,0,0,0,0,0,0,0,0,0,0,0,0,238.403,0,0,0,0,0,24.178,0,0,82.054,10.398,0,0,0,355.033
DD688,0,0.075,0,0,0,0,0,0,0,0,0,0,0,0,0,0,0,0,0,3864.358,0,0,0,0,0,0,368.783,0,0,0,4233.216
DD689,0,0,37.278,0,0,0,0,0,0,58.833,0,0,0,0,129.25,0,7.619,0,0,65.173,0,0,0,0,0,6.947,614.818,0,0,0,919.918
DD690,0,0,0,36.17,0,0,153.39,0,0,300.269,9.785,0,57.053,0,61.103,0,2170.676,0,0,0,0,0,238.046,282.418,0,598.394,203.949,448.851,2.104,0,4562.208
DD691,0,0,1313.384,0,0,19.08,0,0,0,0,522.599,0,0,0,8.899,0,1.564,0,0,2920.577,0,0,0,0,0,0,111.534,0,0,0,4897.637
DD692,0,0,0,0,0,99.67,0,0,0,0,780.745,0,0,0,0,0,17.002,0,0,341.14,0,0,0,0,0,0,94.83,0,0,0,1333.387
DD693,0,0,0,0,0,10.969,0,0,0,3.768,1257.694,0,0,0,0,0,466.245,0,0,4326.691,0,0,0,0,0,6.9,117.876,0,0,0,6190.143
DD694,0,0,32.43,0,0,124.827,0,0,0,86.487,22.564,0,0,0,0,0,577.785,0,72.486,0,0,0,0,0,0,206.518,725.31,10.881,0,0,1859.288
DD695,0,0,0,0,0,0,0,0,0,2794.435,0,0,0,0,0,0,521.325,0,10.035,0,0,0,6.137,0,0,16.874,0,3.908,0,0,3352.714
DD696,0,0,21.307,18.956,0,0,0,0,0,0,318.293,0,0,0,0,0,18.778,0,0,3393.658,0,0,0,0,0,0,137.56,0,0,0,3908.552
DD697,0,0,19.942,0,0,47.981,0,0,0,838.172,0,0,27.219,0,26.855,0,854.105,0,55.974,0,0,0,0,0,0,85.31,145.127,22.894,0,0,2123.579
DD698,0,0,47.565,0,0,1515.244,0,0,0,1.65,0,0,0,0,34.202,0,95.129,0,0,0,0,0,0,0,0,141.724,115.121,23.765,0,0,1974.4
DD699,0,0,0,0,0,266.038,0,0,0,0,0,0,0,0,0,0,6.499,0,0,0,0,0,0,0,0,2.76,4,0,0,0,279.297
DD7,0,0,1015.716,0,0,0,0,0,0,0,0,0,0,0,4.13,0,2.418,0,0,0,0,0,0,0,0,23.044,0,0,0,0,1045.308
DD701,0,0,0,0,0,1676.688,0,0,0,0,0,0,0,0,0,0,0,0,0,0,0,0,0,0,0,0,0,0,0,0,1676.688
DD702,0,0,0,0,0,2.955,0,0,0,0,0,0,0,0,0,0,0,0,0,0,0,0,0,0,0,0,1906.834,340.131,0,0,2249.92
DD703,0,0,0,0,0,201.416,0,0,0,0,0,0,0,0,0,0,0.685,0,0,0,0,0,0,0,0,0,0,0,0,0,202.101
DD704,0,0,0,0,17,641.393,0,203.11,0,0,0,0,0,0,0,0,0,0,0,5.803,0,0,0,0,0,1.33,0,0,0,0,868.636
DD705,0,0,234.624,0,0,1.222,0,0,0,0,0,0,0,0,0,0,0,0,0,0,0,0,0,0,0,0,0,0,0,0,235.846
DD706,0,0,62.795,0,0,0,0,0,0,0,0,0,0,0,47.546,0,299.116,0,0,18.987,0,0,0,0,0,50.714,130.255,0,0,0,609.413
DD707,0,0,257.619,0,0,174.613,0,0,0,0,0,0,0,0,0,0,0,0,0,0,0,0,0,0,0,0.83,0,0,0,0,433.062
DD708,0,0,0,0,0,7.142,0,0,0,0,0,0,0,0,0,0,0,0,0,36.116,0,0,0,0,0,0,0,0,0,0,43.258
DD709,0,0,49.074,0,0,0,0,53.004,0,0,0,0,0,0,0,0,1.878,0,0,0,0,0,0,0,0,0,0,0,0,0,103.956
DD710,0,0,0,0,0,445.844,0,0,0,0,0,0,0,0,0,0,0.137,125.528,0,0,0,0,0,0,0,0,0,0,0,0,571.509
DD711,0,0,0,20.034,0,362.448,0,0,0,0,0,0,0,0,0,0,260.647,0,0,0,0,0,0,0,0,4.696,20.034,0,0,0,667.859
DD712,0,0,20.574,0,0,1.004,0,0,0,0,0,0,0,0,0,0,0,0,0,0,0,0,0,0,0,39.781,0,67.191,0,0,128.55
DD713,0,0,348.295,0,0,379.53,0,0,0,202.498,445.23,0,0,0,0,0,89.195,0,0,0,0,0,0,0,0,9.38,270.119,0,0,0,1744.247
DD715,0,0,516.023,0,0,102.959,0,1087.531,0,0,821.966,0,0,0,15.02,0,137.332,0,12.729,0,0,75.128,135.229,0,0,6.381,11.976,0,0,0,2922.274
DD716,0,0,41.249,0,0,43.062,0,0,0,231.275,0,0,0,0,2906.454,0,990.815,0,79.1,56.172,0,0,68.205,0,0,36.733,186.324,24.563,0,0,4663.952
DD717,0,0,0,0,0,17.649,0,0,0,53.666,70.595,0,0,0,8.242,0,20.492,0,0,1257.396,0,0,0,0,0,0,24.462,0,0,0,1452.502
DD718,0,0,2532.27,0,0,48.4,0,0,0,169.026,0,0,0,0,35.469,0,6.859,0,0,0,0,0,0,0,0,5.066,8,0,0,0,2805.09
DD719,0,0,25.795,0,0,30.699,0,0,0,0,591.632,0,0,0,24.662,0,18.46,0,0,0,0,0,0,0,0,1.551,11.803,0,0,0,704.602
DD720,0,0,0,0,0,957.293,0,595.646,0,0,0,0,0,0,0,0,0.667,0,0,0,0,0.724,0,0,0,0,0,837.639,0,0,2391.969
DD721,0,0,0,0,0,1613.887,0,741.675,0,0,0,0,0,0,0,0,0,0,0,0,0,0,0,0,0,3.033,0,0,0,0,2358.595
DD722,0,0,0,31.908,0,3025.915,0,866.405,0,0,0,0,0,0,0,0,5.282,0,0,0,0,0,0,0,4.325,0,0,67.191,2.841,0,4003.867
DD723,0,0,570.501,0,0,1203.567,0,0,0,227.435,0,0,0,0,0,0,95.718,0,0,149.46,0,0,0,0,0,28.68,549.097,1.537,0,0,2825.995
DD724,0,0,671.237,16.829,0,179.432,0,0,0,0,710.439,0,0,0,263.085,0,0.249,0,0,0,0,0,0,0,0,1.501,27.418,0,0,0,1870.19
DD725,0,0,0,0,0,1927.292,0,0,0,0,609.685,0,0,0,716.816,0,0.326,0,0,0,0,0,0,0,0,0.795,0,0,0,0,3254.914
DD726,0,0,0,0,0,1680.29,0,1789.649,0,0,0,0,0,0,0,0,5.282,0,0,0,0,0,0,0,0,31.476,0,28.884,0,0,3535.581
DD727,0,0,0,0,0,325.892,0,678.061,0,0,0,0,0,0,0,0,2.336,0,0,0,0,0,0,0,0,0,0,0,2.104,0,1008.393
DD728,0,0,484.416,0,0,28.365,0,0,0,13.998,0,0,0,0,535.614,0,119.204,0,0,0,0,0,0,0,0,49.296,2.994,2.083,0,0,1235.97
DD729,0,0,0,0,0,250.949,0,0,0,0,275.106,0,0,0,1257.696,0,157.458,0,7.503,0,0,28.134,0,0,0,37.263,75.682,126.066,0,0,2215.857
DD730,0,0,0,0,0,0,0,0,0,0,0,0,0,0,0,0,25.527,0,0,1803.208,0,0,0,0,0,0,0,0,0,0,1828.735
DD731,0,0,0,656.826,0,154.153,0,159.263,0,31.427,0,0,0,0,85.093,0,142.714,3.087,0,0,0,0,350.97,0,0,11.454,202.877,0,0,0,1797.864
DD732,0,0,0,0,0,0,205.532,0,0,0,1232.551,0,0,0,0,0,0,0,0,0,0,0,0,0,0,5.608,192.755,0.532,0,0,1636.978
DD733,0,0,1872.437,0,0,0,0,0,0,0,0,0,0,0,346.331,0,9.658,0,0,0,0,0,0,0,0,39.27,242.075,0,0,0,2509.771
DD734,0,0,171.255,128.07,0,2915.912,0,271.533,0,0,0,0,0,0,0,0,113.983,56.352,0,0,0,0,0,0,0,5.825,21.999,0,0,0,3684.929
DD735,0,0.075,138.829,20.477,0,462.814,0,0,0,0,0,0,0,0,0,0,0,0,0,0,0,0,0,0,0,0,0,0,0,0,622.195
DD736,0,0.164,909.309,0,0,82.964,0,0,0,71.625,0,0,0,0,0,0,9.844,0,0,43.571,0,0,0,0,0,75.646,116.232,16.579,0,0,1325.934
DD737,0,0,151.317,0,0,221.474,0,0,0,0,0,0,0,0,0,0,0,0,0,0,0,0,0,0,0,0,0,0,0,0,372.791
DD738,0,0,1228.617,0,0,164.805,0,89.273,0,36.897,0,0,0,0,32.091,0,26.439,0,0,1732.321,0,0,0,0,0,240.47,908.707,0,0,0,4459.62
DD739,0,0,64.803,0,0,0.449,0,0,0,0,208.397,0,0,0,0,0,0,0,0,28.693,0,0,0,0,0,0,12.534,114.122,230.304,0,659.302
DD740,0,0,1309.241,0,0,163.329,0,0,0,0,0,0,0,0,0,0,2.405,0,0,0,0,0,0,0,0,20.057,142.286,0,0,0,1637.318
DD741,0,0,0,0,0,27.557,0,0,0,0,0,0,0,0,0,0,0,0,0,0,0,0,0,0,0,0,0,0,0,0,27.557
DD742,0,0,186.663,0,0,0,0,0,0,0,0,0,0,0,0,0,1.299,0,0,0,0,0,0,0,0,0,0,0,0,0,187.962
DD743,0,0,0,7.514,0,0,0,92.194,0,0,0,0,0,0,0,0,0,0,0,0,0,0,0,0,0,817.943,692.253,11.668,0,0,1621.572
DD744,0,0,0,0,0,63.206,0,0,0,0,0,0,0,0,0,0,3237.512,0,0,132.652,0,0,0,0,0,13.144,21.575,0,0,0,3468.089
DD745,0,0,0,99.47,0,431.978,0,0,0,2.978,0,0,0,0,0,0,10.19,358.922,0,0,0,0,0,0,0,7.772,0,19.723,0,0,931.033
DD746,0,0,0,0,0,0,0,0,0,0,0,0,0,0,0,0,0.326,0,0,146.68,0,0,0,0,0,109.96,42.556,0,0,0,299.522
DD747,0,0,27.371,0,0,92.695,0,0,0,0,0,0,0,0,0,0,14.505,0,0,0,0,0,0,0,0,215.721,45.996,0,0,0,396.288
DD748,0,0,0,0,0,3022.372,0,0,0,0,0,0,0,0,0,0,0.326,2.374,0,0,0,0,0,0,0,0,0,0,6.951,0,3032.023
DD749,0,0,0,33.658,0,10.127,0,498.974,0,0,0,0,0,0,0,0,8.293,0,0,0,0,0,0,0,0,0,0,0,0,0,551.052
DD750,0,0,0,0,0,276.755,0,0,0,0,0,0,0,0,0,0,0.137,0,0,0,0,0,0,0,0,0,0,0,0,0,276.892
DD751,0,0,92.948,0,0,93.492,0,0,0,0,0,0,0,0,0,0,24.828,0,0,0,0,102.554,0,0,0,24.293,50.153,6.029,0,0,394.297
DD752,0,0,0,0,0,0,0,0,0,0,0,0,0,0,0,0,28.199,0,0,0,0,0,0,0,0,32.37,101.845,2.083,0,0,164.497
DD753,0,0,135.987,0,0,0,0,0,0,0,0,0,0,0,0,0,0,0,0,0,0,0,0,0,0,0,0,0,0,0,135.987
DD754,0,0,0,0,0,379.518,0,0,0,0,0,0,0,0,0,0,1.013,0,0,0,0,0,0,0,0,0,7.083,0,0,0,387.614
DD755,0,0,0,0,0,254.612,0,0,0,86.494,0,0,0,0,0,0,29.549,0,0,0,0,0,0,0,0,9.386,30.509,8.517,0,0,419.067
DD756,0,0,0,0,0,196.396,0,64.872,0,0,0,0,0,0,0,0,0,0,0,0,0,0,0,0,0,0,0,0,0,0,261.268
DD757,0,0,0,0,0,714.742,0,15.278,0,0,0,0,0,0,0,0,0,0,0,0,0,0,0,0,0,0.819,0,223.245,0,0,954.084
DD758,0,0,57.22,0,0,1331.383,0,0,0,0,0,0,0,0,0.859,0,18.857,0,0,778.494,0,0,0,0,0,7.493,5.427,0,0,0,2199.733
DD759,0,0,0,0,0,6.278,0,0,0,0,0,0,0,0,33.173,0,0.635,0,0,4148.456,0,0,0,0,0,1.427,0,0,0,0,4189.969
DD760,0,0,0,0,0,105.149,0,524.725,0,0,0,0,0,0,299.328,0,13.655,0,0,0,0,0,6.158,0,0,44.882,131.485,78.57,0,0,1203.952
DD761,0,0,0,0,0,0,0,0,0,106.01,662.602,0,0,0,0,0,0,92.907,0,0,0,0,0,0,0,0,0,0,0,0,861.519
DD762,0,0,0,0,0,0,0,0,0,21.226,0,0,0,0,0,0,0,0,0,50.239,0,0,0,0,0,0,0,0,0,0,71.465
DD763,0,0,0,0,0,132.38,0,0,0,0,0,0,0,0,0,0,3.644,0,0,3.664,0,0,0,0,0,15.554,6.994,0,0,0,162.236
DD764,0,0,0,0,0,0,0,0,0,0,347.628,0,0,0,601.955,0,0,0,0,190.403,0,0,0,0,0,0,0,0,0,0,1139.986
DD765,0,0,0,0,0,1414.585,0,0,0,2.271,0,0,4.627,0,3.065,0,105.833,0,0,0,0,0,0,0,0,0,4,0,0,0,1534.381
DD766,0,0,0,0,0,1759.473,0,202.029,0,0,0,0,0,0,0,0,0.03,0,0,0,0,0,0,0,0,10.978,17.972,5.786,0,0,1996.268
DD767,0,0,0,0,0,0,0,0,0,0,0,0,0,0,136.157,0,137.185,0,0,0,0,0,0,0,0,1.471,11.803,0,0,0,286.616
DD768,0,0,0,0,0,105.559,0,0,0,15.897,0,0,0,0,0,0,19.668,0,0,818.882,0,0,0,0,0,0,2.994,4.733,0,0,967.733
DD769,0,0,41.249,0,0,0,0,6.123,0,0,0,0,0,0,85.632,0,0,0,0,0,0,0,0,0,0,20.936,70.929,148.775,0,0,373.644
DD770,0,0,0,0,0,0,0,0,0,0,0,0,0,0,0,0,0,0,0,0,0,0,0,0,0,15.65,14.398,0,0,0,30.048
DD771,0,0,48.936,0,0,0,0,0,0,0,0,0,0,0,0,0,0,0,0,0,0,0,0,0,0,1.38,266.552,0,0,0,316.868
DD772,0,0,150.761,0,0,80.575,0,0,0,6.222,0,0,0,0,0,0,1.647,69.476,9.697,0,0,0,0,0,0,2.079,0,4.694,0,0,325.151
DD773,0,0,0,0,0.5,727.009,0,0,0,0,0,0,0,0,0,0,0,0,0,0,0,0,0,0,0,0,0,0,0,0,727.509
DD775,0,0,0,9.467,0,901.452,0,0,0,260.28,0,0,0,0,0,0,0,0,0,0,0,0,0,0,0,0,0,0,0,0,1171.199
DD776,0,0,0,0,0,0,0,0,0,0,0,0,0,0,0,0,20.816,0,0,0,0,0,0,0,0,0,0,0,0,0,20.816
DD777,0,0,0,0,0,237.844,0,0,0,62.983,0,0,0,0,30.738,0,25.396,0,0,1984.05,0,0,0,0,0,0,256.443,0,0,0,2597.454
DD778,0,0,308.273,0,0,790.486,0,0,0,0,0,0,0,0,26.723,0,10.152,0,0,0,0,0,0,0,0,8.684,13.208,0,0,0,1157.526
DD779,0,0,296.686,0,0,0,0,15.278,0,0,0,0,0,0,38.552,0,8.6,0,17.116,0,0,0,0,0,0,15.51,27.67,10.857,0,0,430.269
DD780,0,0,0,0,0,1877.816,0,0,0,0,0,0,0,0,0,0,57.583,0,0,0,0,0,0,0,21.069,5.64,15.597,15.333,0,0,1993.038
DD781,0,0,65.52,0,0,99.634,0,0,0,0,0,0,0,0,1251.358,0,22.491,0,0,0,0,0,0,0,0,50.076,257.613,2.492,0,0,1749.184
DD782,0,0,0,0,0,1506.366,0,15.048,0,2081.604,0,0,0,0,0,0,0.196,0,0,0,0,0,0,0,0,18.247,230.796,24.074,0,0,3876.331
DD783,0,0,0,0,0,190.163,0,0,0,20.638,0,0,7.9,0,35.294,0,344.57,0,0,129.438,0,0,0,0,0,10.932,3,10.052,0,0,751.987
DD784,0,0,0,0,0,349.101,0,0,0,0,0,0,0,0,10.907,0,27.218,0,0,0,0,0,0,0,0,0,367.524,0,0,0,754.75
DD785,0,0,0,0,0,6.664,0,0,0,0,0,0,0,0,3020.757,0,15.567,0,0,86.916,0,0,0,0,0,0,154.504,0,0,0,3284.408
DD786,0,0,18.639,0,0,36.181,0,0,0,161.903,730.226,0,0,0,644.188,0,0,0,0,1429.184,0,0,0,0,0,0,1093.643,0,0,0,4113.964
DD787,0,0,0,13.772,0,33.437,0,287.027,0,0,0,0,0,0,0,0,0,0,0,0,0,850.614,980.058,0,0,72.89,159.047,7.612,0,0,2404.457
DD788,0,0,0,0,0,0,0,0,0,0,83.979,0,0,0,5.38,0,0,0,0,3040.69,0,0,0,0,0,0,0,0,0,0,3130.049
DD789,0,0,405.349,0,0,65.473,0,0,0,0,0,0,0,0,9.115,0,0,78.234,0,0,0,0,0,0,3.177,0,3.601,0,0,0,564.949
DD790,0,0,0,0,0,110.451,0,0,0,549.226,1623.933,0,0,0,75.623,0,0,0,0,0,0,0,0,0,0,19.437,187.126,0,0,0,2565.796
DD791,0,0,400.28,0,0,539.912,0,106.576,0,365.085,0,0,0,0,222.671,0,0,0,0,0,0,0,76.175,0,0,7.056,114.966,7.458,0,0,1840.179
DD792,0,0,0,0,0,159.453,0,95.145,0,0,0,0,0,0,0,0,252.669,74.531,0,0,0,0,0,0,0,1.471,0,0,0,0,583.269
DD793,0,0,0,0,0,18.029,0,6.433,0,0,0,0,0,0,0,0,0,0,0,0,0,0,0,0,0,41.507,14.976,0,0,0,80.945
DD794,0,0,126.604,0,0,0,0,0,0,0,0,0,0,0,6.566,0,0,0,0,0,0,0,0,0,0,14.076,53.363,0,0,0,200.609
DD795,0,0,0,0,0,4.96,0,0,0,4.489,0,0,0,0,0,0,0,0,0,2543.298,0,0,0,0,0,0,0,8.846,0,0,2561.593
DD796,0,0,42.113,0,0,0,0,0,0,0,0,0,0,0,0,0,0,0,0,0,0,0,0,0,0,0,137.56,0,0,0,179.673
DD797,0,0,0,0,0,21.505,0,0,0,0,0,0,0,0,0,0,18.058,0,0,0,0,0,4.732,0,0,20.953,4,0,0,0,69.248
DD798,0,0,0,3.007,0,684.073,0,283.992,0,0,0,0,0,0,0,0,3.112,42.258,0,0,0,0,0,0,0,16.184,9.653,0,134.362,0,1176.641
DD799,0,0,60.988,0,0,11.678,0,0,0,0,0,0,0,0,0,0,0,0,0,0,0,0,0,0,0,0,5.199,0,0,0,77.865
DD8,0,0,0,278.416,0,3575.358,0,75.294,0,0,0,0,0,0,2134.715,0,39.186,0,0,0,0,8.853,0,0,0,27.484,764.638,509.929,0,0,7413.873
DD800,0,0,0,0,0,55.653,0,184.359,0,0,0,0,0,0,0,0,0,0,0,0,0,0,0,0,0,5.915,0,0,0,0,245.927
DD801,0,0,47.37,0,0,1964.382,0,0,0,0,0,0,0,0,0,0,0,436.722,0,0,0,0,0,0,0,2.82,0,0,3.139,0,2454.433
DD802,0,0,307.384,0,0,3927.581,0,0,0,93.924,951.916,0,0,0,472.501,0,10.427,0,0,0,0,0,0,0,0,0,0,0,0,0,5763.733
DD803,0,0,0,0,0,33.916,0,0,0,0,641.747,0,0,0,0,0,0.249,0,0,5.803,0,0,0,0,0,0,0,87.897,0,0,769.612
DD804,0,0,2811.52,0,0,0.852,0,0,0,0,0,0,0,0,0,0,258.116,0,0,61.666,0,0,0,0,0,15.374,6.166,0,0,0,3153.694
DD805,0,0,0,0,0,0.493,0,0,0,1.012,0,0,0,0,0,0,125.835,0,0,0,0,0,0,0,0,4.055,8,0,0,0,139.395
DD806,0,0,0,0,0,10.156,0,0,0,5.319,0,0,0,0,0,0,0,260.928,0,0,0,0,0,0,0,0,0,0,0,0,276.403
DD807,0,0,0,0,0,988.319,0,0,0,0,0,0,0,0,0,0,0,0,0,0,0,0,0,0,0,0,0,0,0,0,988.319
DD808,0,0,0,7.601,0,111.535,0,0,0,33.112,0,0,0,0,0,0,0.669,0,0,0,0,0,0,0,0,11.039,57.189,0,0,0,221.145
DD809,0,0,0,0,0,0,0,0,0,0,0,0,0,0,0,0,0,0,0,0,0,0,0,0,0,0,0,157.787,0,0,157.787
DD810,0,0,80.691,0,0,0,0,0,0,22.171,0,0,0,0,0,0,0,0,0,0,0,0,0,0,0,2.348,0.005,0,0,0,105.215
DD811,0,0,217.578,0,0,2409.04,0,0,0,0,0,0,0,0,0,0,0,0,0,7.757,0,0,0,0,0,0,0,0,0,0,2634.375
DD812,0,0.198,666.432,0,0,1.177,0,0,0,5.417,95.196,0,0,0,0,0,5.864,0,0,47.58,0,0,0,0,0,1.578,16.202,232.484,0,0,1072.128
DD813,0,0,47.677,0,0,0,0,0,0,0,0,0,0,0,0,0,0,957.98,0,0,0,0,0,0,0,0,0,0,0,0,1005.657
DD814,0,0,1435.591,0,0,2.708,0,0,0,0.61,120.212,0,0,0,2.467,0,0,308.967,0,25.8,0,0,0,0,0,0,3.167,0,0,0,1899.522
DD815,0,0,428.459,0,0,1190.035,0,91.37,0,0,0,0,0,0,0,0,0,36.729,0,0,0,0,0,0,0,1.552,0,0,0,116.87,1865.015
DD816,0,0,443.447,0,0,0.605,0,0,0,123.853,0,0,0,0,0,0,0,0,0,219.922,0,0,0,0,0,1.38,6.052,0,0,0,795.259
DD817,0,0,154.865,0,0,385.646,0,5.003,0,6.255,0,0,0,0,235.975,0,1.9,95.027,0,0,0,0,0,0,0,69.048,10.604,52.032,8.38,0,1024.735
DD818,0,0,0,0,0,39.787,0,852.322,0,0,0,0,0,0,0,0,9.964,176.256,0,0,0,0,0,0,0,0,0,0,0,0,1078.329
DD819,0,0,513.61,0,0,0,0,0,0,0,0,0,0,0,0,0,0,0,0,71.246,0,0,0,0,0,0,182.461,0,0,0,767.317
DD820,0,0,376.173,15.818,0,481.61,0,0,0,0,0,0,0,0,0,0,1.279,0,0,0,0,0,0,0,0,2.854,9.199,0,0,0,886.933
DD821,0,0,0,0,0,528.519,0,0,0,1.446,146.245,0,0,0,0,0,20.118,0,0,0,0,0,0,0,0,14.768,107.002,0,0,0,818.098
DD822,0,0,758.428,0,0,73.798,0,0,0,0,0,0,0,0,0,0,0,0,0,0,0,0,0,0,0,0,0,0,0,0,832.226
DD823,0,0,0,0,0,5331.464,0,22.187,0,0,0,0,0,0,0,0,0,0,0,0,0,0,0,0,0,0,0,112.326,0,0,5465.977
DD824,0,0,864.538,0,0,0,0,0,0,1.312,0,0,0,0,0,0,0,0,0,0,0,0,0,0,0,0,9.199,0,0,0,875.049
DD825,0,0,0,0,0,11240.566,0,385.972,0,1553.456,1205.125,0,0,0,208.931,0,0,0,0,0,0,13.935,0,0,13.937,187.19,3927.648,0,0,0,18736.76
DD826,0,0,0,0,0,326.271,0,0,0,0,0,0,0,0,40.776,0,6.656,0,0,0,0,0,0,0,0,21.066,27.357,0,0,0,422.126
DD827,0,0,0,0,0,8.335,0,0,0,0,0,0,0,0,0,0,0,0,0,0,0,0,0,0,0,0,0,0,0,0,8.335
DD828,0,0,0,0.742,0,291.923,0,0,0,0,0,0,0,0,0,0,0.402,17.292,0,0,0,0,0,0,0,0,0,0,0,0,310.359
DD829,0,0,0,0,0,1180.227,0,0,0,0,324.398,0,0,0,19.436,0,6.767,0,0,0,0,0,361.625,0,0,0,175.545,0,0,0,2067.998
DD830,0,0,288.529,0,0,1.339,0,0,0,0,0,0,0,0,0,0,0,0,0,0,0,0,0,0,0,4.946,4.726,28.884,0,0,328.424
DD831,0,0,48.99,0,0,191.453,0,0,0,0,0,0,0,0,142.277,0,31.975,0,0,180.795,0,0,0,0,0,2.307,4.726,0,0,0,602.523
DD832,0,0,25.795,0,0,419.591,0,0,0,47.109,0,0,0,0,458.998,0,0.249,21.746,0,0,0,0,0,0,0,0,0,0,0,0,973.488
DD833,0,0,1731.941,0,0,0,0,0,0,45.432,0,0,0,0,17.771,0,15.149,0,0,0,0,0,0,0,0,16.13,18.398,0,0,0,1844.821
DD834,0,0,0,0,0,35.968,0,0,0,0,0,0,0,0,0,0,0,0,0,0,0,0,0,0,0,0,0,0,0,0,35.968
DD835,0,0,0,0,0,213.311,0,0,0,0,0,0,0,0,3022.839,0,56.461,0,0,0,0,0,0,0,0,49.63,50.854,0,0,0,3393.095
DD836,0,0,0,0,0,194.294,0,0,0,0,0,0,0,0,139.582,0,171.737,0,0,108.584,0,22.833,0,0,0,38.817,207.506,0,0,0,883.353
DD837,0,0,0,0,120,0,0,0,0,0,0,0,0,0,0,0,0,0,0,0,0,0,0,0,0,0,0,0,0,1293.091,1413.091
DD838,0,0,661.354,0,0,110.857,0,0,0,0,0,0,0,0,0,0,0,17.76,0,0,0,0,0,0,0,4.69,14.398,0,0,0,809.059
DD839,0,0,118.911,0,0,1191.845,0,33.935,0,205.654,300.49,0,0,0,170.824,0,8.535,0,0,0,0,0,0,0,0,12.458,123.431,11.392,4.562,0,2182.037
DD840,0,0,883.128,0,0,909.591,0,0,0,0,0,0,0,0,0,0,0,192.972,0,0,0,0,0,0,0,6.916,0,0,0,0,1992.607
DD841,0,0,576.559,0,0,1568.687,0,0,0,0,160.33,0,0,0,0,0,26.893,0,0,42.846,0,16.731,0,0,0,0,35.409,31.351,0,0,2458.806
DD842,0,0,0,14.079,0,5902.089,0,0,0,203.046,0,0,0,0,0,0,240.968,0,0,0,0,0,0,0,0,31.88,223.591,82.302,2.841,0,6700.796
DD843,0,0,1203.676,0,0,176.727,0,0,0,4.655,0,0,0,0,0,0,0,0,0,0,0,0,0,0,0,0,176.936,105.298,0,0,1667.292
DD844,0,0,138.625,0,0,24.1,0,0,0,85.811,0,0,0,0,24.253,0,0,0,0,0,0,0,0,0,0,0,39.723,0,0,0,312.512
DD845,0,0,456.74,0,0,919.866,0,0,0,90.247,1055.205,0,0,0,0,0,0,0,0,0,0,0,0,0,0,0,0,0,0,0,2522.058
DD9,0,0,0,0,0,0,0,0,0,0,0,0,0,0,0,0,0.461,0,0,0,0,0,0,0,0,17.349,71.454,9.3,0,0,98.564
DDE901,0,0,0,34.434,0,292.574,0,0,0,0,0,0,5.022,0,0,0,0.347,0,0,21.061,0,0,0,0,0,0,22.123,0,0,0,375.561
DDE902,0,0,0,581.232,0,265.253,0,0,0,18.749,234.499,0,0,0,0,0,5.672,0,0,0,0,5.63,0,0,0,20.12,27.473,101.937,0,0,1260.565
DDE903,0,0,382.134,0,0,304.436,0,0,0,125.584,386.448,0,0,0,0,0,0,0,0,0,0,0,0,0,0,6.756,0,0,0,0,1205.358
DDE904,0,0,736.614,0,0,808.515,0,0,0,0,479.417,0,0,0,0,0,0,155.97,0,11.734,0,0,0,0,0,0,0,0,0,0,2192.25
DDE905,0,0,0,0,0,5619.644,0,0,0,0,0,0,0,0,0,0,11.399,0,0,0,0,28.633,0,0,0,0,0,0,0,0,5659.676
DDE906,0,0,100.806,0,0,1918.872,0,119.664,0,0,0,0,0,0,0,0,0,0,0,0,0,0,0,0,27.057,14.111,0,0,0,0,2180.51
DDE907,0,0,623.088,0,0,575.47,0,0,0,0,5.848,0,0,0,0,0,0,347.745,0,0,0,0,0,0,0,0,0,0,0,0,1552.151
DDE908,0,0,872.867,351.214,0,428.87,0,43.77,0,0,0,0,0,0,0,0,0.326,0,0,12.466,0,0,16.569,0,0,9.13,2.994,0,0,0,1738.206
DDE909,0,0,282.412,0,0,651.769,0,0,0,7.47,185.938,0,0,0,0,0,1.013,0,0,3.965,0,0,0,0,0,7.044,44.879,245.14,0,0,1429.63
DDE910,0,0,0,0,0,0,0,0,0,0,0,0,0,0,5.211,0,0.631,0,0,0,0,0,0,0,0,70.99,21.142,28.6,0,0,126.574
DDE911,0,0,0,0,1,136.363,0,0,0,5.318,0,0,0,0,0,0,243.604,0,0,19.442,0,0,0,0,24.842,25.285,61.451,0,0,0,517.305
1,0,0,0,0,67.5,7977.77,0,275.08,0,0,0,0,0,0,0,0,0,0,0,0,0,0,0,0,0,0,0,15.20399988,0,0,8335.549774
2,0,0,0,0,0,1348.71,0,0,0,0,0,0,0,0,0,0,0,0,0,0,0,0,0,0,0,0,0,0,0,0,1348.707558
3,0,0,0,20.94,53,3432.46,0,971.06,0,0,0,0,0,0,0,0,0,0,0,0,0,0,0,0,0,6.62,0,0,0,0,4484.084299
4,0,0,0,74.06,0,3591.88,0,231.21,0,47.18,0,0,0,0,0,0,5.62,0,0,0,0,0,0,0,53.15,0,0,16.44410906,0,0,4019.545702
5,0,0,0,0,0,1562.1,0,5.29,0,322.72,0,0,0,0,0,0,0,0,0,0,0,0,0,0,0,1.61,0,0,0,0,1891.724748
6,0,0,0,0,0,1977.35,0,126.25,0,0,0,0,0,0,0,0,0,0,0,0,0,0,0,0,0,0,0,0,0,0,2103.601262
7,0,0,356.02,0,0,2.23,0,0,0,585,0,0,0,0,0,0,0,0,0,0,0,0,0,0,0,0,4.67,8.103481051,0,0,928.6349279
8,0,0,216.14,0,3,253.25,0,54.32,0,13.95,477.2,0,0,0,0,0,61.95,0,0,50.96,0,0,0,0,0,0,0,0,0,0,1130.773084
10,0,0,0,12.35,0,4827.01,0,2608.47,0,0,0,0,0,0,0,0,0,0,0,0,0,0,0,0,0,0,0,0,0,0,7447.832275
11,0,0,0,0,0,1692.83,0,3528.54,0,0,0,0,0,0,0,0,0,0,0,0,0,0,0,0,0,1.49,0,0,0,0,5222.863351
12,0,0,48.08,0,0,361.81,0,0,0,725.37,13.82,0,0,0,0,0,0,0,0,0,0,0,0,0,0,0,0,0,0,0,1149.082478
13,0,0,0,0,0,4618.27,0,0,0,0,0,0,0,0,0,0,0,0,0,0,0,0,0,0,0,1.59,0,0,0,0,4619.861397
14,0,0,2013.52,0,0,0,0,0,0,0,0,0,0,0,0,0,0,0,0,0,0,0,0,0,0,0,0,0,0,0,2013.517957
15,0,0,0,0,0,3002.88,0,572.85,0,0,0,0,0,0,0,0,0,0,0,0,0,0,0,0,0,0,0,0,0,0,3575.733836
16,0,0,0,0,0,92.75,0,0,0,0,0,0,0,0,0,0,326.3,0,0,0,0,0,0,0,0,0,0,0,0,0,419.0483157
17,0,0,0,0,337,3325.83,0,0,0,0,0,0,0,0,0,0,0,0,0,0,0,0,4.21,0,0,1.65,0,0,0,86.68473013,3755.375041
19,0,0,0,0,0,0,0,0,0,0,0,0,0,0,0,0,0,0,0,0,0,0,0,0,0,0,0,62.4112068,0,0,62.4112068
20,0,0,0,879.88,0,85.96,0,0,0,0,40.82,0,0,0,0,0,0,0,0,0,0,0,0,0,0,0,0,0,0,0,1006.660672
21,0,0,0,0,0,276.88,0,0,0,0,0,0,0,0,0,0,2.19,0,0,0,0,0,0,0,0,0,0,0,0,0,279.071884
22,0,0,0,0,0,713.25,0,0,0,0,0,0,0,0,0,0,0,0,0,0,0,0,0,0,0,0,0,0,0,493.843393,1207.091744
24,0,0,0,0,0,362.38,0,1418.42,0,0,0,0,0,0,0,0,0,0,0,0,0,0,0,0,0,0,0,11.29592328,0,0,1792.095073
25,0,0,0,1021.44,0,103.59,0,0,0,0,0,0,0,0,0,0,0.28,0,0,0,0,0,0,0,0,76.88,97.72,0,0,0,1299.909425
26,0,0,0,0,0,2677.14,0,4.7,0,0,0,0,0,0,0,0,0,0,0,0,0,0,0,0,0,0,0,0,0,0,2681.838039
27,0,0,0,0,0,7154.19,0,1068.53,0,444.3,0,0,0,0,0,0,0,0,0,0,0,0,0,0,0,0,0,0,0,0,8667.009366
28,0,0,0,0,0,3664.49,0,285.66,0,0,0,0,0,0,0,0,0,0,0,0,0,0,0,0,0,0,0,16.99608987,0,0,3967.141764
29,0,0,0,0,0,3884.89,0,199.06,0,0,0,0,0,0,0,0,0,0,0,0,0,0,0,0,0,0,0,94.30493495,0,0,4178.250978
30,0,0,0,0,0,99.69,0,1349.64,0,0,167.59,0,0,0,0,0,0,0,0,0,0,0,0,0,0,0,0,0,0,0,1616.923299
31,0,0,0,0,0,2995.02,0,927.48,0,0,0,0,0,0,0,0,0,0,0,0,0,0,25.91,0,0,0,0,0,0,0,3948.407099
33,0,0,368.64,277.07,6,693.58,0,44.44,0,43.08,0,0,0,0,0,0,20.53,206.17,0,0,0,0,0,0,0,0,0,0,0,0,1659.514257
34,0,0,807.79,0,83.5,34.47,0,0,0,0,99.52,0,0,0,82.27,0,24.52,0,0,1273.85,0,0,0,0,0,0,0,0,0,0,2405.919462
35,0,0,0,560.94,0,4578.62,0,202.09,0,0,0,0,0,0,0,0,0.78,0,0,0,0,0,0,0,0,0,0,409.9137441,0,0,5752.341343
36,0,0,0,0,0,7313.8,0,178.67,0,0,0,0,0,0,0,0,0.94,0,0,27.98,0,0,0,0,0,0,0,0,0,0,7521.392814
37,0,0,340.98,0,0,0,0,0,0,0,0,0,0,0,0,0,6.56,0,0,0,0,0,0,0,0,26.19,38.24,0,0,0,411.95965
38,0,0,0,0,0,2600.34,0,118.45,0,0,0,0,0,0,0,0,5.28,0,0,88.27,0,0,0,0,0,26.7,2.02,0,0,0,2841.068067
39,0,0,0,0,0,237.25,0,85.14,0,0,0,0,0,0,0,0,2.12,0,0,0,0,0,0,0,0,0,0,0,0,0,324.5125241
40,0,0,330.46,155.03,0,0,0,0,0,0,0,0,0,0,0,0,1.02,0,0,0,0,0,0,0,0,0,0,0,0,0,486.5162119
41,0,0,156.22,0,0,0,0,0,0,0,0,0,0,0,0,0,0,0,0,0,0,0,0,0,0,0,19.69,0,0,0,175.9178102
42,0,0,0,119.54,0,336.55,0,488.79,0,7.89,0,0,0,0,0,0,65.58,0,0,0,0,0,0,0,0,0,23.92,0,0,0,1042.257023
43,0,0,0,0,0,0,0,0,0,2.23,0,0,0,0,221.66,0,3.33,0,0,0,0,0,0,0,0,0,0,0,0,0,227.2179979
44,0,0,0,0,0,0,0,0,0,0,0,0,0,0,0,0,3.85,0,0,2677.98,0,0,0,0,0,0,0,0,0,0,2681.827429
45,0,0,0,24.46,0,5228.91,0,0,0,31.23,0,0,0,0,0,0,0,0,0,0,0,0,0,0,0,0,0,0,0,0,5284.596975
46,0,0,0,0,0,424.32,0,132.66,0,0,0,0,0,0,0,0,0,260.65,0,0,0,0,0,0,0,0,0,0,0,0,817.6263066
47,0,0,0,0,0,113.41,0,0,0,232.32,0,0,0,0,0,0,0,0,0,0,0,0,0,0,0,0,0,0,0,0,345.7241123
48,0,0,0,0,0,460.72,0,636.73,0,0,0,0,0,0,0,0,0,0,0,0,0,0,0,0,0,0,0,2.153045808,0,0,1099.604389
49,0,0,0,0,0,297.13,0,0,0,0,0,0,0,0,0,0,4.31,0,0,0,0,0,0,0,0,0,0,21.66377417,0,0,323.1081579
50,0,0,0,0,0,5279.3748,0,180.79,0,0,0,0,0,0,0,0,0,0,0,0,0,0,0,0,0,3.18,0,0,0,0,5463.347695
51,0,0,0,5.7,0,526.9,0,1.02,0,0,0,0,0,0,0,0,5.58,0,0,0,0,0,0,0,0,0.95,0,0,0,0,540.1607996
52,0,0,0,0,0,22.28,0,0,0,0,0,0,0,0,0,0,0,0,0,0,0,0,0,0,0,0,0,0,0,0,22.27562589
53,0,0,0,0,0,36.85,0,0,0,0,0,0,0,0,1.35,0,0.21,0,0,733.02,0,0,0,0,0,18.64,20.02,0,0,0,810.1004587
54,0,0,0,0,0,0,0,0,0,0,0,0,0,0,0,0,0,0,0,0,0,0,0,0,0,0,0,0,0,0,0
55,0,0,0,0,0,302.72,0,0,0,0,0,0,0,0,0,0,303.2,0,0,3161.02,0,0,0,0,0,0.77,206.06,0,0,0,3973.762643
56,0,0,0,0,0,474.78,0,1777.35,0,0,0,0,0,0,0,0,0,0,0,0,0,0,0,0,0,4.57,0,8.409917739,0,0,2265.108722
57,0,0,0,0,5.5,2796.82,0,154.61,0,0,0,0,0,0,0,0,0,0,0,0,0,0,0,0,0,7.52,0,0,0,25.57594671,2990.016858
58,0,0,0,12942.89,0,35.59,0,486.08,0,0,0,0,0,0,0,0,8.2,0,0,0,0,0,0,0,0,5.44,0,5.285391882,0,0,13483.47897
59,0,0,0,0,0,5455.37,0,861.58,0,0,0,0,0,0,0,0,0,0,0,0,0,0,0,0,0,1.68,0,9.808477672,0,0,6328.436533
60,0,0,0,0,0,90.67,0,772.4,0,0,413.99,0,0,0,0,0,0,0,0,0,0,0,0,0,0,0,0,0,0,0,1277.06413
61,0,0,0,341.08,0,197.23,0,1622.04,0,0,0,0,0,0,0,0,97.01,0,0,0,0,0,0,0,0,12.1,70.96,80.80710199,0,0,2421.229024
62,0,0,399.5,0,0,0,0,0,0,0,0,0,0,0,0,0,0,0,0,268.66,0,0,0,0,0,0,0,0,0,0,668.1559694
63,0,0,0,0,0,941.97,0,461.91,0,0,0,0,0,0,0,0,0.72,0,0,0,0,0,0,0,0,24.3,38.73,0,0,0,1467.641828
64,0,0,0,0,0,2969.36,0,17.68,0,0,0,0,0,0,0,0,0,0,0,0,0,0,0,0,0,0,0,0,0,0,2987.037023
65,0,0,0,0,0,0,0,0,0,0,0,0,0,0,0,0,0,0,0,61.73,0,0,0,0,0,37.41,346.75,0.67822033,0,0,446.5790128
66,0,0,577.6,97.98,0,935.72,0,0,0,5.92,0,0,0,0,0,0,129.89,0,0,0,0,0,0,0,0,8,192.31,0,23.7892884,0,1971.21192
67,0,0,0,0,0,25.85,0,0,0,0,0,0,0,0,0,0,0,0,0,10.56,0,0,0,0,0,0,0,0,0,33.90311044,70.31480918
68,0,0,0,0,32,0,0,0,0,0,0,0,0,0,0,0,0,0,0,0,0,0,0,0,0,5.54,40.08,0,0,0,77.62007173
69,0,0,0,1084.3,0,1742.41,0,1346.88,0,0,0,0,0,0,0,0,0,0,0,0,0,0,0,0,0,0,0,0,0,0,4173.580322
71,0,0,0,0,0,0,0,0,0,0,0,0,0,0,0,0,294.36,0,0,0,0,0,0,0,0,0,0,0,0,0,294.3635827
72,0,0,0,0,21,1.2,0,0,0,0,0,0,0,0,64.18,0,0.65,0,0,0,0,0,0,0,0,0,0,0,0,0,87.02258837
73,0,0,0,0,0,0,0,0,0,16.84,0,0,0,0,0,0,0.8,0,0,0,0,0,0,0,0,1.3,0,29.30400305,0,0,48.2442872
74,0,0,545.45,0,0,425.78,0,0,0,66.88,0,0,0,0,37.17,0,16.7,0,0,0,0,0,0,0,0,2.87,71.11,14.32760262,0,0,1180.285737
75,0,0,0,0,0,0,0,0,0,0,0,0,0,0,0,0,0,0,0,0,0,0,0,0,0,0,161.01,0,0,0,161.0038604
76,0,0,0,0,0,59.95,0,369.22,0,511.34,0,0,0,0,0,0,0,0,0,0,0,0,0,0,0,0.37,0,0,0,0,940.9844307
77,0,0,0,0,0,0,0,0,0,0,0,0,0,0,0,0,0,0,0,0,0,0,0,0,0,0,13.36,0,0,0,13.36087753
78,0,0,52.26,0,0,0,0,213.38,0,0,548.96,0,0,0,0,0,0,0,0,27.37,0,0,0,0,0,0.75,34.02,0,0,0,876.7376066
79,0,0,408.35,76.78,0,86.45,0,21.24,0,16.18,0,0,0,0,0,0,224.15,0,0,0,0,0,0,0,0,0,0,0,0,0,833.15606
80,0,0,0,0,0,10.4183,0,0,0,30.17,121.76,0,0,0,0,0,0,0,14.98,7.11,0,0,0,0,0,0,40.45,0,0,0,224.8861412
81,0,0,0,0,8,6966.73,0,112.79,0,0,0,0,0,0,0,0,0,0,0,0,0,0,0,0,0,12.87,0,90.95904061,0,0,7191.344887
82,0,0,63.93,0,0,52.44,0,0,0,0,0,0,0,0,0,0,245.85,0,0,0,0,0,0,0,0,8.35,44.22,0,0,0,414.7863483
83,0,0,0,0,0.5,0,0,0,0,0,0,178.24,0,0,0,0,1.04,217.72,0,476.14,0,0,0,0,0,0,0,0,0,0,873.6416645
84,0,0,0,0,0,174.08,0,0,0,29.07,0,0,0,0,0,0,0,0,0,0,0,0,0,0,0,0.81,0,0,0,0,203.9618944
85,0,0,0,0,0,1907.4,0,266.38,0,0,2246.85,0,0,0,0,0,0,0,0,0,0,0,0,0,0,0.97,0,107.36493,0,0,4528.958912
86,0,0,21.68,0,0,0,0,0,0,0,0,0,0,0,0,0,21.67,0,0,0,0,0,0,0,0,8.1,29.9,0,0,0,81.34224495
87,0,0,0,199.01,0,543.84,0,1632.54,0,0,0,0,0,0,0,0,48.27,806.23,0,0,0,0,0,0,0,0,9.01,14.32760262,0,0,3253.227361
88,0,0,0,0,0,0,0,279.08,0,0,1993.2,0,0,0,0,0,0,0,0,0,0,0,0,0,0,2.26,0,0,0,0,2274.535187
89,0,0,0,0,0,0,0,0,0,0,0,0,0,0,0,0,0,0,0,0,0,0,0,0,0,0,46.46,0,0,0,46.45720767
90,0,0,0,0,0,0,0,0,0,0,0,0,0,0,0,0,0,0,0,0,0,0,0,0,0,0,0,0,0,0,0
91,0,0,0,0,0,5.46,0,0,0,0,0,0,0,0,0,0,0,0,0,207.28,0,0,0,0,0,0.73,846.14,0,0,0,1059.608347
92,0,0,327.68,0,0,5.54,0,0,0,0,0,0,0,0,0,0,0,0,0,0,0,0,0,0,0,0,0,0,0,0,333.2199983
93,0,0,0,0,0,167.39,0,0,0,0,58.28,0,0,0,0,0,0,0,0,0,0,0,0,0,0,8.15,10.29,70.60713465,0,0,314.714469
94,0,0,0,0,0,0,0,0,0,0,0,0,0,0,0,0,0,0,0,0,0,0,0,0,0,0,214.21,0,0,0,214.2129485
95,0,0,0,0,0,0,0,0,0,0,0,0,0,0,0,0,0,0,0,0,0,0,0,0,0,0,5.52,0,0,0,5.516241291
